customer_id,customer_name,segment,country,state
1,Toby Braunhardt,Consumer,Algeria,Constantine
2,Joseph Holt,Consumer,Australia,New South Wales
3,Annie Thurman,Consumer,Hungary,Budapest
4,Eugene Moren,Home Office,Sweden,Stockholm
5,Magdelene Morse,Consumer,Canada,Ontario
6,Kean Nguyen,Corporate,Australia,New South Wales
7,Ken Lonsdale,Consumer,New Zealand,Auckland
8,Lindsay Williams,Corporate,Iraq,Ninawa
9,Larry Blacks,Consumer,Philippines,National Capital
10,Dorothy Dickinson,Consumer,United Kingdom,England
11,Dennis Pardue,Home Office,Malaysia,Sarawak
12,Stewart Visinsky,Consumer,Guatemala,Guatemala
13,Jas O'Carroll,Consumer,Iran,Yazd
14,Chris McAfee,Consumer,Thailand,Nakhon Ratchasima
15,Nat Gilpin,Corporate,Iran,Razavi Khorasan
16,Jack Garza,Consumer,Tanzania,Dar Es Salaam
17,Russell Applegate,Consumer,Brazil,Parana
18,Maya Herman,Corporate,Mexico,Yucatán
19,Beth Thompson,Home Office,Cuba,Granma
20,Arthur Prichep,Consumer,France,Rhône-Alpes
21,Arthur Wiediger,Home Office,Cuba,Santiago de Cuba
22,Grant Thornton,Corporate,United Kingdom,England
23,Darren Powers,Consumer,United States,Texas
24,Bradley Drucker,Consumer,Japan,Tottori
25,Jasper Cacioppo,Consumer,Sudan,Khartoum
26,Jennifer Halladay,Consumer,Mexico,Veracruz
27,Michael Granlund,Home Office,France,Rhône-Alpes
28,Phillina Ober,Home Office,United States,Illinois
29,Shaun Weien,Consumer,Taiwan,Taipei City
30,Shahid Hopkins,Consumer,France,Ile-de-France
31,Brosina Hoffman,Consumer,Indonesia,Sumatera Barat
32,Robert Dilbeck,Home Office,Vietnam,Ho Chí Minh City
33,Grace Kelly,Corporate,Angola,Luanda
34,Khloe Miller,Consumer,China,Jilin
35,Mick Brown,Consumer,United States,Pennsylvania
36,Maria Etezadi,Home Office,United States,Kentucky
37,Maribeth Schnelling,Consumer,Philippines,National Capital
38,Dave Poirier,Corporate,France,Provence-Alpes-Côte d'Azur
39,Harry Marie,Corporate,Lebanon,Beirut
40,Lycoris Saunders,Consumer,United States,California
41,Alyssa Crouse,Corporate,Algeria,Alger
42,Jack O'Briant,Corporate,United States,Georgia
43,Adam Bellavance,Home Office,Singapore,Singapore
44,Joy Smith,Consumer,Netherlands,Groningen
45,Henia Zydlo,Consumer,Angola,Benguela
46,Nicole Fjeld,Home Office,China,Yunnan
47,Christopher Martinez,Consumer,Guatemala,Guatemala
48,Vivek Sundaresam,Consumer,United States,Texas
49,Joe Elijah,Consumer,Nigeria,Lagos
50,Ed Braxton,Corporate,Indonesia,Jawa Timur
51,Alejandro Grove,Consumer,Vietnam,Kiên Giang
52,Sample Company A,Home Office,Philippines,Calabarzon
53,Dan Lawera,Consumer,Australia,Queensland
54,Elpida Rittenbach,Corporate,Hungary,Budapest
55,Sanjit Jacobs,Home Office,Egypt,Al Qahirah
56,Tiffany House,Corporate,Algeria,Constantine
57,Jocasta Rupert,Consumer,Venezuela,Carabobo
58,Greg Guthrie,Corporate,United Kingdom,England
59,Paul MacIntyre,Consumer,Mexico,México
60,Patrick O'Donnell,Consumer,China,Guangxi
61,Ricardo Sperren,Corporate,South Africa,North-West
62,Melanie Seite,Consumer,United States,Texas
63,Brian Dahlen,Consumer,Thailand,Bangkok
64,Roy Collins,Consumer,United Kingdom,England
65,Philip Fox,Consumer,Mexico,México
66,David Flashing,Consumer,Indonesia,Jawa Barat
67,Steve Carroll,Home Office,Philippines,Calabarzon
68,Dianna Vittorini,Consumer,India,Jammu and Kashmir
69,Chuck Sachs,Consumer,Turkey,Bursa
70,Tanja Norvell,Home Office,New Zealand,Otago
71,Anthony Jacobs,Corporate,United States,Virginia
72,Eric Murdock,Consumer,Italy,Liguria
73,Thomas Seio,Corporate,Mexico,Coahuila
74,Roy Phan,Corporate,Germany,Lower Saxony
75,Anthony Garverick,Home Office,United Kingdom,England
76,Peter Bühler,Consumer,United Kingdom,England
77,Seth Vernon,Consumer,United States,Delaware
78,Shaun Chance,Corporate,Nigeria,Lagos
79,Roger Demir,Consumer,Egypt,Aswan
80,Ben Wallace,Consumer,Mexico,Jalisco
81,Greg Matthias,Consumer,Netherlands,South Holland
82,James Lanier,Home Office,Venezuela,Anzoátegui
83,Stuart Calhoun,Consumer,Sweden,Västra Götaland
84,Cari Sayre,Corporate,Australia,South Australia
85,Chris Selesnick,Corporate,United States,Louisiana
86,Sharelle Roach,Home Office,Austria,Vienna
87,Natalie DeCherney,Consumer,United States,South Carolina
88,Bart Pistole,Corporate,Nicaragua,Estelí
89,Ted Butterfield,Consumer,Mexico,Baja California
90,Steve Nguyen,Home Office,South Africa,Eastern Cape
91,Bruce Degenhardt,Consumer,Turkey,Gaziantep
92,Muhammed Yedwab,Corporate,Philippines,National Capital
93,Michael Moore,Consumer,United States,Ohio
94,Don Jones,Corporate,Germany,Lower Saxony
95,Craig Leslie,Home Office,France,Nord-Pas-de-Calais
96,Ross Baird,Home Office,Dominican Republic,La Romana
97,Mick Crebagga,Consumer,Indonesia,Bali
98,Brendan Sweed,Corporate,United States,Pennsylvania
99,Erica Hackney,Consumer,United States,Georgia
100,Alan Haines,Corporate,El Salvador,San Salvador
101,Edward Hooks,Corporate,France,Ile-de-France
102,Delfina Latchford,Consumer,United States,Pennsylvania
103,Vivian Mathis,Consumer,Australia,Western Australia
104,Tamara Willingham,Home Office,Australia,New South Wales
105,Shirley Daniels,Home Office,Denmark,Hovedstaden
106,Charles Sheldon,Corporate,Tanzania,Arusha
107,Michael Dominguez,Corporate,Spain,Valenciana
108,Vivek Gonzalez,Consumer,Brazil,Amazonas
109,Richard Bierner,Consumer,Denmark,South Denmark
110,Beth Paige,Consumer,Saudi Arabia,Al Jawf
111,Patrick Gardner,Consumer,Zambia,Eastern
112,Matt Abelman,Home Office,Italy,Sicily
113,Aleksandra Gannaway,Corporate,Nicaragua,Estelí
114,Pauline Webber,Corporate,Myanmar (Burma),Yangon
115,David Wiener,Corporate,United States,Oregon
116,Ann Blume,Corporate,Italy,Lombardy
117,Michael Kennedy,Corporate,Canada,Manitoba
118,Michelle Arnett,Home Office,Angola,Luanda
119,Suzanne McNair,Corporate,Mexico,Guerrero
120,Toby Swindell,Consumer,United States,Arizona
121,Irene Maddox,Consumer,Iran,Razavi Khorasan
122,Alejandro Ballentine,Home Office,Mexico,Distrito Federal
123,Darren Koutras,Consumer,France,Ile-de-France
124,Randy Bradley,Consumer,Nigeria,Kano
125,Ruben Dartt,Consumer,Russia,Belgorod
126,Toby Ritter,Consumer,Australia,Western Australia
127,Hunter Lopez,Consumer,Nicaragua,Managua
128,Sally Hughsby,Corporate,Mongolia,Ulaanbaatar
129,Xylona Preis,Consumer,United States,Michigan
130,Ryan Crowe,Consumer,Germany,North Rhine-Westphalia
131,Darrin Van Huff,Corporate,Iran,Razavi Khorasan
132,Muhammed MacIntyre,Corporate,United States,Tennessee
133,Mark Van Huff,Consumer,United States,California
134,Paul Stevenson,Home Office,Italy,Tuscany
135,Marc Harrigan,Home Office,Belgium,Flemish Brabant
136,Sung Shariari,Consumer,Australia,Queensland
137,Jason Klamczynski,Corporate,Kenya,Coast
138,Claudia Bergmann,Corporate,France,Champagne-Ardenne
139,Carl Ludwig,Consumer,El Salvador,Santa Ana
140,Michael Paige,Corporate,Colombia,Atlántico
141,Tom Boeckenhauer,Consumer,United States,Florida
142,Brendan Murry,Corporate,Turkey,Bursa
143,Larry Tron,Consumer,Nicaragua,Managua
144,Corey Roper,Home Office,Saudi Arabia,Al Madinah
145,Christine Phan,Corporate,Germany,North Rhine-Westphalia
146,Shirley Jackson,Consumer,Italy,Emilia-Romagna
147,Jill Matthias,Consumer,New Zealand,Wellington
148,Lena Creighton,Consumer,Australia,Northern Territory
149,Ionia McGrath,Consumer,United States,Nevada
150,Chuck Clark,Home Office,India,Madhya Pradesh
151,Greg Hansen,Consumer,Madagascar,Atsinanana
152,Joni Sundaresam,Home Office,Italy,Sicily
153,Mitch Webber,Consumer,Indonesia,Sumatera Utara
154,Speros Goranitis,Consumer,United States,Indiana
155,Janet Martin,Consumer,Turkey,Afyonkarahisar
156,Frank Olsen,Consumer,France,Poitou-Charentes
157,Gary Hwang,Consumer,Nigeria,Kwara
158,Aimee Bixby,Consumer,France,Ile-de-France
159,Filia McAdams,Corporate,Germany,North Rhine-Westphalia
160,Brad Thomas,Home Office,South Africa,Free State
161,Luke Weiss,Consumer,China,Hunan
162,Sue Ann Reed,Consumer,Cuba,Guantánamo
163,Heather Kirkland,Corporate,Indonesia,Jawa Barat
164,Jay Fein,Consumer,Turkey,Izmir
165,Allen Rosenblatt,Corporate,Portugal,Lisboa
166,Nat Carroll,Consumer,Morocco,Fès-Boulemane
167,Hunter Glantz,Consumer,France,Champagne-Ardenne
168,Bradley Talbott,Home Office,Iran,Markazi
169,Nathan Mautz,Home Office,India,Telangana
170,Anna Andreadi,Consumer,India,Telangana
171,Alan Shonely,Consumer,France,Languedoc-Roussillon
172,Christina Anderson,Consumer,Indonesia,Jawa Tengah
173,Patrick O'Brill,Consumer,Spain,Madrid
174,Carol Adams,Corporate,United States,South Dakota
175,Neola Schneider,Consumer,Mexico,Tamaulipas
176,Todd Sumrall,Corporate,Central African Republic,Bangui
177,Ryan Akin,Consumer,Czech Republic,Olomouc
178,Dennis Bolton,Home Office,Indonesia,Kalimantan Timur
179,Liz Pelletier,Consumer,Morocco,Rabat-Salé-Zemmour-Zaer
180,Barry Weirich,Consumer,Dominican Republic,Duarte
181,Ed Jacobs,Consumer,United States,California
182,Herbert Flentye,Consumer,France,Provence-Alpes-Côte d'Azur
183,Resi Pölking,Consumer,Brazil,São Paulo
184,Nona Balk,Corporate,Benin,Littoral
185,Harold Engle,Corporate,New Zealand,Auckland
186,David Philippe,Consumer,Nigeria,Kano
187,Arthur Gainer,Consumer,Nigeria,Kano
188,Troy Staebel,Consumer,New Zealand,Wellington
189,Luke Schmidt,Corporate,Australia,Victoria
190,Mike Vittorini,Consumer,United States,Michigan
191,Bryan Davis,Consumer,Morocco,Marrakech-Tensift-El Haouz
192,Charles McCrossin,Consumer,Nicaragua,Estelí
193,Sarah Foster,Consumer,China,Chongqing
194,Damala Kotsonis,Corporate,Dominican Republic,Santo Domingo
195,Brendan Dodson,Home Office,Singapore,Singapore
196,Liz Carlisle,Consumer,United States,California
197,David Kendrick,Corporate,Angola,Luanda
198,Stephanie Phelps,Corporate,China,Hubei
199,Dave Hallsten,Corporate,Panama,Panama
200,Gene Hale,Corporate,France,Poitou-Charentes
201,Ralph Ritter,Consumer,Italy,Emilia-Romagna
202,Erin Smith,Corporate,China,Henan
203,Ken Heidel,Corporate,Germany,Saxony
204,Evan Henry,Consumer,France,Champagne-Ardenne
205,Ellis Ballard,Corporate,Germany,Bavaria
206,Giulietta Dortch,Corporate,Thailand,Bangkok
207,Lori Olson,Corporate,Spain,Valenciana
208,Duane Noonan,Consumer,Australia,New South Wales
209,Max Ludwig,Home Office,Sweden,Uppsala
210,Eric Barreto,Consumer,United States,Florida
211,Dean Braden,Consumer,Nigeria,Lagos
212,Theresa Swint,Corporate,China,Guizhou
213,Cynthia Delaney,Home Office,United States,California
214,Christopher Conant,Consumer,New Zealand,Wellington
215,Tom Stivers,Corporate,South Africa,Gauteng
216,Ann Steele,Home Office,Nigeria,Lagos
217,Anthony Witt,Consumer,Turkey,Gaziantep
218,Mark Haberlin,Corporate,United States,California
219,Deborah Brumfield,Home Office,United States,California
220,Justin MacKendrick,Consumer,Turkey,Aydin
221,Neil Ducich,Corporate,United States,Virginia
222,Natalie Webber,Consumer,Malaysia,Sarawak
223,Duane Benoit,Consumer,China,Jiangsu
224,Liz Thompson,Consumer,Indonesia,Jawa Barat
225,Susan MacKendrick,Consumer,France,Nord-Pas-de-Calais
226,Scott Williamson,Consumer,New Zealand,Auckland
227,George Bell,Corporate,France,Provence-Alpes-Côte d'Azur
228,Edward Becker,Corporate,France,Alsace
229,Cyma Kinney,Corporate,United States,New Jersey
230,Kelly Williams,Consumer,Egypt,Al Qahirah
231,Julia Barnett,Home Office,Iraq,Ninawa
232,Tom Prescott,Consumer,Cuba,Sancti Spíritus
233,Shui Tom,Consumer,Cuba,Granma
234,Clay Ludtke,Consumer,Germany,Hesse
235,Yoseph Carroll,Corporate,United Kingdom,England
236,Hallie Redmond,Home Office,Spain,Catalonia
237,Daniel Raglin,Home Office,South Korea,Daejeon
238,Erica Hernandez,Home Office,Australia,Queensland
239,John Huston,Consumer,South Africa,Eastern Cape
240,Michelle Ellison,Corporate,Spain,Madrid
241,Paul Lucas,Home Office,Germany,Lower Saxony
242,Jennifer Patt,Corporate,Switzerland,Basel-Stadt
243,Chad McGuire,Consumer,France,Provence-Alpes-Côte d'Azur
244,Quincy Jones,Corporate,Mexico,Coahuila
245,Meg O'Connel,Home Office,Germany,North Rhine-Westphalia
246,Philisse Overcash,Home Office,Moldova,Chisinau
247,Mary O'Rourke,Consumer,Uganda,Kampala
248,Anna Häberlin,Corporate,Zimbabwe,Bulawayo
249,Lisa DeCherney,Consumer,Iran,Gilan
250,Sung Pak,Corporate,India,Karnataka
251,Natalie Fritzler,Consumer,United States,Virginia
252,Guy Armstrong,Consumer,United States,Missouri
253,Sanjit Chand,Consumer,United States,California
254,Katrina Bavinger,Home Office,Australia,New South Wales
255,Laurel Beltran,Home Office,Cuba,Holguín
256,Toby Gnade,Consumer,China,Liaoning
257,Toby Carlisle,Consumer,Senegal,Dakar
258,Helen Andreada,Consumer,Spain,Valenciana
259,Pete Armstrong,Home Office,South Africa,Gauteng
260,Jeremy Ellison,Consumer,Japan,Saitama
261,Gary Zandusky,Consumer,Netherlands,Overijssel
262,Tracy Poddar,Corporate,Spain,Andalusía
263,Marina Lichtenstein,Corporate,United States,Washington
264,Trudy Brown,Consumer,Democratic Republic of the Congo,Kinshasa
265,Odella Nelson,Corporate,France,Midi-Pyrénées
266,Benjamin Farhat,Home Office,India,Uttar Pradesh
267,Matt Hagelstein,Corporate,Cuba,Guantánamo
268,Bart Watters,Corporate,Australia,South Australia
269,Rob Williams,Corporate,France,Languedoc-Roussillon
270,Tracy Zic,Consumer,Nicaragua,Managua
271,Barry Französisch,Corporate,United States,Washington
272,Emily Ducich,Home Office,Guatemala,Guatemala
273,Laura Armstrong,Corporate,China,Heilongjiang
274,Katrina Willman,Consumer,Zimbabwe,Harare
275,Michael Nguyen,Consumer,United States,Texas
276,Michelle Lonsdale,Corporate,Australia,Queensland
277,Skye Norling,Home Office,Canada,Ontario
278,Alan Barnes,Consumer,France,Ile-de-France
279,Jim Radford,Consumer,Australia,Victoria
280,Daniel Lacy,Consumer,Germany,North Rhine-Westphalia
281,Troy Blackwell,Consumer,United States,Texas
282,Aaron Bergman,Consumer,United States,Texas
283,Sam Craven,Consumer,Japan,Tokyo
284,Zuschuss Donatelli,Consumer,Italy,Lombardy
285,John Lucas,Consumer,Australia,South Australia
286,Erin Ashbrook,Corporate,China,Hebei
287,Liz MacKendrick,Consumer,Philippines,National Capital
288,Andrew Roberts,Consumer,Hong Kong,Hong Kong
289,Linda Cazamias,Corporate,United States,Indiana
290,Sarah Jordon,Consumer,Switzerland,Zürich
291,Alice McCarthy,Corporate,Italy,Sicily
292,Steven Roelle,Home Office,United States,California
293,Paul Gonzalez,Consumer,Italy,Tuscany
294,Rick Wilson,Corporate,Poland,Pomerania
295,Sam Zeldin,Home Office,Iran,Tehran
296,Rick Huthwaite,Home Office,India,Rajasthan
297,Andrew Gjertsen,Corporate,Turkey,Izmir
298,Patricia Hirasaki,Home Office,Democratic Republic of the Congo,South Kivu
299,Julia Dunbar,Consumer,France,Ile-de-France
300,Tamara Manning,Consumer,United States,Illinois
301,Mitch Gastineau,Corporate,India,Maharashtra
302,Roland Fjeld,Consumer,Pakistan,Punjab
303,Carlos Meador,Consumer,Azerbaijan,Baki
304,Julie Creighton,Corporate,Belgium,Namur
305,Carlos Soltero,Consumer,Brazil,Rio Grande do Sul
306,Jim Mitchum,Corporate,Myanmar (Burma),Yangon
307,Christy Brittain,Consumer,Senegal,Dakar
308,Michael Grace,Home Office,United States,Texas
309,Rose O'Brian,Consumer,Algeria,Alger
310,Fred McMath,Consumer,China,Hubei
311,Mike Kennedy,Consumer,Cuba,Pinar del Río
312,Tracy Hopkins,Home Office,Democratic Republic of the Congo,Orientale
313,Emily Grady,Consumer,Guatemala,Guatemala
314,Bill Stewart,Corporate,Nicaragua,Matagalpa
315,Bobby Odegard,Consumer,Netherlands,North Holland
316,Rob Lucas,Consumer,El Salvador,San Salvador
317,Lena Cacioppo,Consumer,China,Shandong
318,Dennis Kane,Consumer,Iran,Bushehr
319,Sarah Brown,Consumer,Brazil,Rio Grande do Sul
320,Vicky Freymann,Home Office,United States,Illinois
321,Katherine Hughes,Consumer,Australia,South Australia
322,Dave Brooks,Consumer,United States,Washington
323,Giulietta Weimer,Consumer,United States,Texas
324,Shahid Collister,Consumer,United States,Texas
325,Bryan Spruell,Home Office,Ukraine,Kherson
326,Randy Ferguson,Corporate,Japan,Aichi
327,Logan Haushalter,Consumer,Indonesia,Sumatera Selatan
328,Ed Ludwig,Home Office,Germany,North Rhine-Westphalia
329,Brian DeCherney,Consumer,Australia,Victoria
330,Jeremy Farry,Consumer,Italy,Lazio
331,Mary Zewe,Corporate,Indonesia,Jawa Barat
332,Nicole Hansen,Corporate,United States,Pennsylvania
333,Frank Hawley,Corporate,Cuba,Las Tunas
334,Kristina Nunn,Home Office,United States,New York
335,Scot Coram,Corporate,Albania,Elbasan
336,Mitch Willingham,Corporate,Dominican Republic,Santo Domingo
337,Sandra Flanagan,Consumer,Romania,Iasi
338,Cari Schnelling,Consumer,Honduras,Cortés
339,Jill Stevenson,Corporate,United States,Ohio
340,Eva Jacobs,Consumer,United States,California
341,Anne Pryor,Home Office,United States,New York
342,Astrea Jones,Consumer,Nigeria,Anambra
343,Thais Sissman,Consumer,Israel,Jerusalem
344,Roger Barcio,Home Office,France,Pays de la Loire
345,Yana Sorensen,Corporate,Iran,Razavi Khorasan
346,Chris Cortes,Consumer,Honduras,Cortés
347,Ashley Jarboe,Consumer,United States,North Carolina
348,Brad Eason,Home Office,China,Sichuan
349,Darrin Martin,Consumer,Nicaragua,Managua
350,Pierre Wener,Consumer,Turkey,Istanbul
351,John Lee,Consumer,Nigeria,Enugu
352,Barry Pond,Corporate,Poland,Silesia
353,Russell D'Ascenzo,Consumer,Guatemala,Guatemala
354,Maureen Gnade,Consumer,Saudi Arabia,Makkah
355,Craig Molinari,Corporate,United States,Washington
356,Nora Pelletier,Home Office,United States,Washington
357,Naresj Patel,Consumer,Bangladesh,Dhaka
358,Greg Tran,Consumer,El Salvador,San Salvador
359,Georgia Rosenberg,Corporate,Nigeria,Lagos
360,Joe Kamberova,Consumer,Poland,Masovia
361,Maurice Satty,Consumer,Argentina,Buenos Aires
362,Kalyca Meade,Corporate,Indonesia,Jakarta
363,Anna Gayman,Consumer,South Africa,Gauteng
364,Saphhira Shifley,Corporate,Australia,New South Wales
365,Janet Lee,Consumer,Spain,Madrid
366,Bryan Mills,Consumer,China,Jiangsu
367,Tonja Turnell,Home Office,Germany,Baden-Württemberg
368,Kean Thornton,Consumer,United States,Colorado
369,Katherine Ducich,Consumer,Brazil,Rio Grande do Sul
370,Becky Castell,Home Office,Turkey,Ankara
371,Bill Tyler,Corporate,United Kingdom,England
372,Peter McVee,Home Office,Iran,Tehran
373,Maureen Fritzler,Corporate,Germany,Berlin
374,Karen Seio,Corporate,Guatemala,Guatemala
375,Kelly Andreada,Consumer,United States,New York
376,Michelle Moray,Consumer,Cuba,Pinar del Río
377,Stewart Carmichael,Corporate,Brazil,Pará
378,Mark Hamilton,Consumer,Venezuela,Distrito Capital
379,Neoma Murray,Consumer,Philippines,National Capital
380,Chloris Kastensmidt,Consumer,United States,Ohio
381,Carlos Daly,Consumer,China,Shanghai
382,Sheri Gordon,Consumer,Finland,Uusimaa
383,Tom Zandusky,Corporate,Guatemala,Guatemala
384,Rick Reed,Corporate,Indonesia,Jawa Barat
385,Eugene Barchas,Consumer,Germany,Saxony
386,Rick Bensley,Home Office,United States,Illinois
387,Christine Kargatis,Home Office,United States,Virginia
388,Candace McMahon,Corporate,Germany,Berlin
389,Denise Leinenbach,Consumer,New Zealand,Canterbury
390,Jason Fortune-,Consumer,United States,Utah
391,Neil Französisch,Home Office,United States,Florida
392,Dean Katz,Corporate,United States,California
393,Darren Budd,Corporate,France,Nord-Pas-de-Calais
394,Dave Kipp,Consumer,China,Liaoning
395,Ricardo Emerson,Consumer,United Kingdom,England
396,Fred Chung,Corporate,Mexico,Veracruz
397,Peter Fuller,Consumer,China,Guangdong
398,Dorris liebe,Corporate,Italy,Apulia
399,Brian Thompson,Consumer,Australia,Western Australia
400,Susan Vittorini,Consumer,Nigeria,Niger
401,Clay Cheatham,Consumer,El Salvador,San Salvador
402,Bradley Nguyen,Consumer,United States,Minnesota
403,Annie Zypern,Consumer,United States,Texas
404,Eileen Kiefer,Home Office,United States,California
405,Sean Miller,Home Office,United States,Florida
406,Janet Molinari,Corporate,Australia,Victoria
407,Edward Nazzal,Consumer,France,Provence-Alpes-Côte d'Azur
408,Chad Sievert,Consumer,Australia,New South Wales
409,Matt Connell,Corporate,United States,Florida
410,Kristen Hastings,Corporate,United States,Virginia
411,Denny Joy,Corporate,Vietnam,Ho Chí Minh City
412,Mark Cousins,Corporate,Peru,Lima (city)
413,Ralph Kennedy,Consumer,Mexico,Puebla
414,Jack Lebron,Consumer,Australia,Victoria
415,Gary McGarr,Consumer,United States,Tennessee
416,Cathy Armstrong,Home Office,Cuba,Santiago de Cuba
417,Jim Karlsson,Consumer,Somalia,Banaadir
418,Michael Stewart,Corporate,Haiti,Ouest
419,Aaron Smayling,Corporate,Switzerland,Basel-Stadt
420,Cassandra Brandow,Consumer,United States,Ohio
421,Alejandro Savely,Corporate,Zimbabwe,Harare
422,Julia West,Consumer,Mexico,Tamaulipas
423,Beth Fritzler,Corporate,United States,Arizona
424,Carol Darley,Consumer,Germany,Bavaria
425,Craig Carroll,Consumer,United States,North Carolina
426,Tony Sayre,Consumer,Indonesia,Jakarta
427,Kean Takahito,Consumer,Cote d'Ivoire,Lagunes
428,Christine Abelman,Corporate,South Africa,Gauteng
429,Bruce Geld,Consumer,United States,Florida
430,Laurel Workman,Corporate,Singapore,Singapore
431,Lena Radford,Consumer,El Salvador,San Salvador
432,Harold Pawlan,Home Office,United Kingdom,England
433,Matthew Clasen,Corporate,Mexico,Distrito Federal
434,Thomas Brumley,Home Office,United Kingdom,England
435,Valerie Mitchum,Home Office,Australia,Australian Capital Territory
436,Jamie Frazer,Consumer,France,Midi-Pyrénées
437,Thea Hendricks,Consumer,Switzerland,Zürich
438,Jonathan Doherty,Corporate,United States,California
439,Cindy Stewart,Consumer,United States,California
440,Christina VanderZanden,Consumer,United States,Iowa
441,Lisa Ryan,Corporate,Austria,Vienna
442,Julie Kriz,Home Office,Mexico,Distrito Federal
443,Ralph Arnett,Consumer,Iran,Markazi
444,Mike Pelletier,Home Office,United States,Ohio
445,Scott Cohen,Corporate,Italy,Umbria
446,Art Foster,Consumer,Argentina,Salta
447,Don Weiss,Consumer,Cuba,Guantánamo
448,Justin Hirsh,Consumer,Germany,North Rhine-Westphalia
449,Mike Gockenbach,Consumer,United States,Texas
450,Meg Tillman,Consumer,China,Inner Mongolia
451,Sean Wendt,Home Office,Germany,Lower Saxony
452,Mark Packer,Home Office,United States,Texas
453,Art Ferguson,Consumer,Philippines,National Capital
454,Alex Russell,Corporate,Russia,Irkutsk
455,Guy Thornton,Consumer,India,Rajasthan
456,Bart Folk,Consumer,Indonesia,Jakarta
457,Kunst Miller,Consumer,United States,New York
458,Susan Gilcrest,Corporate,United States,New York
459,Joy Bell-,Consumer,Nigeria,Lagos
460,Nathan Gelder,Consumer,Russia,Chelyabinsk
461,Trudy Glocke,Consumer,United States,Florida
462,Alex Avila,Consumer,United States,California
463,Roland Murray,Consumer,China,Sichuan
464,Rachel Payne,Corporate,Brazil,São Paulo
465,Karen Bern,Corporate,United States,Florida
466,Benjamin Patterson,Consumer,Italy,Veneto
467,Jennifer Braxton,Corporate,Peru,Lima (city)
468,Victoria Pisteka,Corporate,Panama,Panama
469,Lynn Smith,Consumer,Colombia,Bogota
470,Katharine Harms,Corporate,United States,Massachusetts
471,Dianna Wilson,Home Office,Honduras,Francisco Morazán
472,Rob Dowd,Consumer,United States,Georgia
473,Emily Burns,Consumer,Australia,New South Wales
474,Tony Molinari,Consumer,China,Hubei
475,Christine Sundaresam,Consumer,Morocco,Rabat-Salé-Zemmour-Zaer
476,Pamela Coakley,Corporate,Vietnam,Ho Chí Minh City
477,Katrina Edelman,Corporate,United States,California
478,Liz Preis,Consumer,Colombia,Bogota
479,Dianna Arnett,Home Office,Democratic Republic of the Congo,Kinshasa
480,Ken Black,Corporate,United States,Louisiana
481,Bobby Trafton,Consumer,Turkey,Kayseri
482,Paul Knutson,Home Office,United States,California
483,Greg Maxwell,Corporate,United States,Virginia
484,Barry Blumstein,Corporate,Pakistan,Sindh
485,Thea Hudgings,Corporate,Afghanistan,Nangarhar
486,Nick Crebassa,Corporate,Democratic Republic of the Congo,Kinshasa
487,John Grady,Corporate,United States,Illinois
488,Pauline Chand,Home Office,Spain,Catalonia
489,Max Engle,Consumer,Switzerland,Geneva
490,Guy Phonely,Corporate,United States,Pennsylvania
491,Amy Hunt,Consumer,Morocco,Marrakech-Tensift-El Haouz
492,Andy Yotov,Corporate,United States,California
493,Adam Shillingsburg,Consumer,Nigeria,Lagos
494,Roland Schwarz,Corporate,United States,South Carolina
495,Liz Willingham,Consumer,France,Ile-de-France
496,Pauline Johnson,Consumer,United States,Alabama
497,Daniel Byrd,Home Office,Poland,Greater Poland
498,Bobby Elias,Consumer,Guinea,Kindia
499,Ruben Ausman,Corporate,United States,Alabama
500,John Stevenson,Consumer,United States,Ohio
501,Jonathan Howell,Consumer,Nigeria,Imo
502,Cindy Schnelling,Corporate,Portugal,Coimbra
503,Berenike Kampe,Consumer,Germany,North Rhine-Westphalia
504,Gary Mitchum,Home Office,United States,Texas
505,Jay Kimmel,Consumer,United States,Florida
506,Erin Creighton,Consumer,Mexico,Chihuahua
507,Sanjit Engle,Consumer,United States,Idaho
508,Cathy Hwang,Home Office,China,Shandong
509,Brian Derr,Consumer,Cuba,Granma
510,Duane Huffman,Home Office,Russia,Bashkortostan
511,Bill Eplett,Home Office,Australia,South Australia
512,Craig Carreira,Consumer,Mexico,Tamaulipas
513,Ben Ferrer,Home Office,United States,Maryland
514,Scot Wooten,Consumer,Germany,North Rhine-Westphalia
515,Corey-Lock,Consumer,Brazil,Rio Grande do Sul
516,Patrick Ryan,Consumer,India,Tamil Nadu
517,Maria Zettner,Home Office,Mexico,San Luis Potosí
518,Penelope Sewall,Home Office,China,Guangdong
519,Dan Reichenbach,Corporate,Germany,Hamburg
520,Nancy Lomonaco,Home Office,China,Chongqing
521,Darrin Sayre,Home Office,Pakistan,Punjab
522,Allen Goldenen,Consumer,United States,Virginia
523,Laurel Elliston,Consumer,France,Auvergne
524,Frank Carlisle,Home Office,South Sudan,Central Equatoria
525,Evan Bailliet,Consumer,Romania,Prahova
526,Sara Luxemburg,Home Office,Turkey,Ankara
527,Stefanie Holloman,Corporate,Haiti,Ouest
528,Anemone Ratner,Consumer,Honduras,Francisco Morazán
529,Dorothy Badders,Corporate,United States,Kentucky
530,Eric Hoffmann,Consumer,Canada,Ontario
531,Allen Armold,Consumer,United States,California
532,Aaron Hawkins,Corporate,United States,New York
533,Bill Donatelli,Consumer,United Kingdom,England
534,Gary Hansen,Home Office,New Zealand,Auckland
535,Sean O'Donnell,Consumer,Cuba,Camagüey
536,Chuck Magee,Consumer,Israel,Jerusalem
537,Barry Franz,Home Office,Niger,Niamey
538,Ivan Gibson,Consumer,Philippines,Calabarzon
539,Fred Wasserman,Corporate,Bangladesh,Chittagong
540,David Smith,Corporate,Honduras,Yoro
541,Raymond Messe,Consumer,Netherlands,South Holland
542,Jessica Myrick,Consumer,Kazakhstan,Astana
543,Lindsay Castell,Home Office,Turkey,Ankara
544,Phillip Breyer,Corporate,Germany,North Rhine-Westphalia
545,Ted Trevino,Consumer,United Kingdom,England
546,Anthony Rawles,Corporate,Iran,Razavi Khorasan
547,Linda Southworth,Corporate,Italy,Lombardy
548,Cynthia Voltz,Corporate,Lesotho,Maseru
549,Max Jones,Consumer,Honduras,Cortés
550,Matt Collister,Corporate,Spain,Catalonia
551,Roy Französisch,Consumer,France,Champagne-Ardenne
552,Noah Childs,Corporate,Netherlands,Gelderland
553,Arianne Irving,Consumer,United States,California
554,Debra Catini,Consumer,Mexico,San Luis Potosí
555,Andy Reiter,Consumer,France,Upper Normandy
556,Heather Jas,Home Office,France,Ile-de-France
557,Carol Triggs,Consumer,Belgium,Antwerp
558,Eudokia Martin,Corporate,Mexico,Yucatán
559,Harry Greene,Consumer,United States,Louisiana
560,Lauren Leatherbury,Consumer,United States,New York
561,Ann Chong,Corporate,Ukraine,Luhans'k
562,Brooke Gillingham,Corporate,Nigeria,Lagos
563,Rick Hansen,Consumer,Indonesia,Jakarta
564,Valerie Dominguez,Consumer,Myanmar (Burma),Yangon
565,George Ashbrook,Consumer,Democratic Republic of the Congo,Kinshasa
566,Cindy Chapman,Consumer,Canada,Ontario
567,Anthony Johnson,Corporate,Australia,New South Wales
568,Anne McFarland,Consumer,Mexico,Puebla
569,Nathan Cano,Consumer,United States,New York
570,Evan Minnotte,Home Office,Germany,North Rhine-Westphalia
571,Andrew Allen,Consumer,United States,Connecticut
572,Bill Shonely,Corporate,United States,Washington
573,Steve Chapman,Corporate,Austria,Vienna
574,Patrick Jones,Corporate,Nicaragua,Managua
575,Maribeth Yedwab,Corporate,South Africa,Gauteng
576,Tamara Chand,Corporate,China,Sichuan
577,Tony Chapman,Home Office,Qatar,Ad Dawhah
578,Craig Yedwab,Corporate,Ukraine,Luhans'k
579,Tracy Blumstein,Consumer,Spain,Madrid
580,Sean Braxton,Corporate,United States,Kentucky
581,Tim Taslimi,Corporate,Australia,Western Australia
582,Kelly Lampkin,Corporate,Mexico,Jalisco
583,Pamela Stobb,Consumer,Australia,Queensland
584,Victoria Wilson,Corporate,United States,Texas
585,Harold Dahlen,Home Office,United States,Illinois
586,Lela Donovan,Corporate,Kazakhstan,Qaraghandy
587,Eugene Hildebrand,Home Office,France,Ile-de-France
588,Michelle Huthwaite,Consumer,Turkey,Samsun
589,Lena Hernandez,Consumer,Croatia,Osjecko-Baranjska
590,Brian Stugart,Consumer,Romania,Cluj
591,Sandra Glassco,Consumer,El Salvador,San Salvador
592,William Brown,Consumer,Ireland,Dublin
593,Jane Waco,Corporate,Panama,Panama
594,Dana Kaydos,Consumer,Italy,Lombardy
595,Ken Brennan,Corporate,India,Maharashtra
596,Bruce Stewart,Consumer,United States,Ohio
597,Maxwell Schwartz,Consumer,Mexico,Sinaloa
598,Jennifer Jackson,Consumer,Thailand,Bangkok
599,Adrian Barton,Consumer,Ghana,Eastern
600,Alan Schoenberger,Corporate,Iran,Semnan
601,Karen Carlisle,Corporate,Australia,Australian Capital Territory
602,Katherine Murray,Home Office,France,Brittany
603,Tamara Dahlen,Consumer,United States,Virginia
604,Erica Smith,Consumer,Thailand,Bangkok
605,Emily Phan,Consumer,Indonesia,Jakarta
606,Sonia Cooley,Consumer,Cuba,Santiago de Cuba
607,Frank Gastineau,Home Office,United States,Massachusetts
608,Denny Blanton,Consumer,El Salvador,San Salvador
609,Doug O'Connell,Consumer,Japan,Ishikawa
610,Frank Atkinson,Corporate,Honduras,Cortés
611,Dean percer,Home Office,United States,Utah
612,Lisa Hazard,Consumer,Germany,Hamburg
613,Shahid Shariari,Consumer,United States,Illinois
614,Fred Hopkins,Corporate,Australia,New South Wales
615,James Galang,Consumer,United States,New York
616,Maribeth Dona,Consumer,Rwanda,Kigali
617,Mike Caudle,Corporate,United Kingdom,England
618,Nick Zandusky,Home Office,Brazil,Santa Catarina
619,Monica Federle,Corporate,France,Rhône-Alpes
620,Benjamin Venier,Corporate,United Kingdom,England
621,Caroline Jumper,Consumer,El Salvador,San Salvador
622,Steven Ward,Corporate,Netherlands,Groningen
623,Dorothy Wardle,Corporate,Australia,South Australia
624,Rob Haberlin,Consumer,France,Provence-Alpes-Côte d'Azur
625,Alyssa Tate,Home Office,Indonesia,Jakarta
626,Becky Martin,Consumer,Nigeria,Lagos
627,Steven Cartwright,Consumer,United States,Washington
628,Richard Eichhorn,Consumer,United States,Illinois
629,Robert Waldorf,Consumer,Tanzania,Dar Es Salaam
630,Paul Prost,Home Office,Egypt,Al Iskandariyah
631,John Dryer,Consumer,Panama,Panama
632,Roy Skaria,Home Office,Morocco,Fès-Boulemane
633,Raymond Buch,Consumer,Panama,Panama
634,Karl Braun,Consumer,Panama,Panama
635,Charlotte Melton,Consumer,Pakistan,Punjab
636,Anna Chung,Consumer,France,Provence-Alpes-Côte d'Azur
637,Muhammed Lee,Consumer,Austria,Vienna
638,Valerie Takahito,Home Office,United States,Texas
639,Jamie Kunitz,Consumer,Australia,Northern Territory
640,Sarah Bern,Consumer,United States,Illinois
641,Todd Boyes,Corporate,Australia,Queensland
642,Michelle Tran,Home Office,Turkey,Gaziantep
643,Jim Sink,Corporate,United Kingdom,England
644,Neil Knudson,Home Office,France,Ile-de-France
645,Nick Radford,Consumer,United States,Illinois
646,Stephanie Ulpright,Home Office,Panama,Panama
647,Sung Chung,Consumer,Colombia,Bogota
648,Cynthia Arntzen,Consumer,Ukraine,L'viv
649,Erica Bern,Corporate,Mexico,Durango
650,Angele Hood,Consumer,Belgium,East Flanders
651,Rick Duston,Consumer,United States,New York
652,Becky Pak,Consumer,Poland,Pomerania
653,Eleni McCrary,Corporate,Dominican Republic,Santo Domingo
654,Jennifer Ferguson,Consumer,South Africa,North-West
655,Ross DeVincentis,Home Office,Germany,Baden-Württemberg
656,Ivan Liston,Consumer,Iran,Razavi Khorasan
657,Carl Weiss,Home Office,United States,Texas
658,Victor Preis,Home Office,Colombia,Bogota
659,Marc Crier,Consumer,France,Nord-Pas-de-Calais
660,Joy Daniels,Consumer,Dominican Republic,Santo Domingo
661,Adam Hart,Corporate,Italy,Lazio
662,Cyra Reiten,Home Office,Guatemala,Guatemala
663,Sally Matthias,Consumer,Italy,Veneto
664,Keith Dawkins,Corporate,Poland,Lodz
665,Joni Wasserman,Consumer,Honduras,Francisco Morazán
666,Kelly Collister,Consumer,Mexico,Distrito Federal
667,Jill Fjeld,Consumer,Italy,Lazio
668,Vivek Grady,Corporate,Denmark,South Denmark
669,Charles Crestani,Consumer,South Africa,Western Cape
670,Lindsay Shagiari,Home Office,United Kingdom,England
671,Juliana Krohn,Consumer,Germany,Lower Saxony
672,Jeremy Lonsdale,Consumer,Russia,Dagestan
673,Thomas Thornton,Consumer,Iraq,Baghdad
674,Stefania Perrino,Corporate,Saudi Arabia,Makkah
675,Joseph Airdo,Consumer,United Kingdom,England
676,Julie Prescott,Home Office,China,Guangdong
677,Joel Eaton,Consumer,United States,Colorado
678,Stuart Van,Corporate,Mexico,Nuevo León
679,Justin Deggeller,Corporate,Saudi Arabia,Ar Riyad
680,Andy Gerbode,Corporate,Nigeria,Kano
681,Deanra Eno,Home Office,Morocco,Souss-Massa-Draâ
682,Denny Ordway,Consumer,Turkey,Adana
683,MaryBeth Skach,Consumer,Peru,Lima (city)
684,Christopher Schild,Home Office,Mexico,Distrito Federal
685,Philip Brown,Consumer,Honduras,Cortés
686,Jason Gross,Corporate,Mongolia,Ulaanbaatar
687,Noel Staavos,Corporate,United States,California
688,Pete Kriz,Consumer,Mexico,Colima
689,Cathy Prescott,Corporate,Saudi Arabia,Ar Riyad
690,Nicole Brennan,Corporate,Canada,Quebec
691,Victoria Brennan,Corporate,Venezuela,Zulia
692,Christina DeMoss,Consumer,Brazil,Pernambuco
693,Tom Ashbrook,Home Office,India,Tamil Nadu
694,George Zrebassa,Corporate,Russia,Amur
695,Frank Preis,Consumer,Indonesia,Nusa Tenggara Timur
696,Keith Herrera,Consumer,United Kingdom,England
697,Dionis Lloyd,Corporate,Turkey,Bursa
698,Helen Abelman,Consumer,United States,New York
699,Sally Knutson,Consumer,Brazil,Pará
700,Michael Chen,Consumer,United States,Mississippi
701,Don Miller,Corporate,United States,Florida
702,Dan Campbell,Consumer,United States,Texas
703,Claire Gute,Consumer,United Kingdom,England
704,Hilary Holden,Corporate,Germany,Baden-Württemberg
705,Cari MacIntyre,Corporate,Australia,Western Australia
706,Deirdre Greer,Corporate,Peru,Lima (city)
707,Brian Moss,Corporate,United States,Texas
708,Dario Medina,Corporate,Germany,Lower Saxony
709,Paul Van Hugh,Home Office,United States,Texas
710,Shirley Schmidt,Home Office,United States,Delaware
711,Barbara Fisher,Corporate,United States,New York
712,Catherine Glotzbach,Home Office,Turkey,Istanbul
713,Craig Reiter,Consumer,Tajikistan,Khatlon
714,Corey Catlett,Corporate,China,Shandong
715,Doug Bickford,Consumer,France,Brittany
716,Maureen Gastineau,Home Office,Australia,Western Australia
717,Adrian Hane,Home Office,United States,Arizona
718,Patrick Bzostek,Home Office,Indonesia,Jawa Barat
719,Ritsa Hightower,Consumer,Kenya,Rift Valley
720,Alex Grayson,Consumer,United Kingdom,England
721,Erin Mull,Consumer,United States,New York
722,Gene McClure,Consumer,Brazil,Parana
723,Larry Hughes,Consumer,El Salvador,Cuscatlán
724,Luke Foster,Consumer,United States,Texas
725,Logan Currie,Consumer,Mexico,Sinaloa
726,Mathew Reese,Home Office,France,Nord-Pas-de-Calais
727,Clytie Kelty,Consumer,Germany,Saxony
728,Sonia Sunley,Consumer,United States,California
729,Phillip Flathmann,Consumer,Cameroon,Nord
730,Mick Hernandez,Home Office,Honduras,Cortés
731,Corinna Mitchell,Home Office,Iran,Mazandaran
732,Maria Bertelson,Consumer,United States,Arizona
733,Amy Cox,Consumer,France,Ile-de-France
734,Matthew Grinstein,Home Office,United States,Washington
735,Jesus Ocampo,Home Office,France,Provence-Alpes-Côte d'Azur
736,Parhena Norris,Home Office,China,Inner Mongolia
737,Elizabeth Moffitt,Corporate,Nigeria,Lagos
738,Clay Rozendal,Home Office,Vietnam,Ho Chí Minh City
739,Thomas Boland,Corporate,Indonesia,Sulawesi Tenggara
740,Jeremy Pistek,Consumer,United Kingdom,England
741,Alan Hwang,Consumer,Algeria,Alger
742,Henry MacAllister,Consumer,China,Liaoning
743,Matt Collins,Consumer,Germany,Hamburg
744,Alan Dominguez,Home Office,Brazil,Amazonas
745,Sylvia Foulston,Corporate,Australia,New South Wales
746,Sibella Parks,Corporate,Honduras,Choluteca
747,Michael Oakman,Consumer,Spain,Madrid
748,Robert Barroso,Corporate,United States,California
749,Denise Monton,Corporate,Italy,Piedmont
750,Joel Jenkins,Home Office,Turkmenistan,Mary
751,Tim Brockman,Consumer,France,Provence-Alpes-Côte d'Azur
752,Trudy Schmidt,Consumer,Netherlands,North Holland
753,Frank Merwin,Home Office,United States,California
754,Anthony O'Donnell,Corporate,United Kingdom,England
755,Nora Preis,Consumer,United States,Ohio
756,Kimberly Carter,Corporate,Iraq,Ninawa
757,Susan Pistek,Consumer,Brazil,Pernambuco
758,Tracy Collins,Home Office,Japan,Tokyo
759,Brad Norvell,Corporate,United States,North Carolina
760,Carl Jackson,Corporate,Tanzania,Dar Es Salaam
761,Pete Takahito,Consumer,United States,Texas
762,John Castell,Consumer,United States,Georgia
763,Doug Jacobs,Consumer,Spain,Madrid
764,Harold Ryan,Corporate,New Zealand,Waikato
765,Fred Harton,Consumer,United Kingdom,England
766,Joni Blumstein,Consumer,Netherlands,North Holland
767,Jim Kriz,Home Office,United States,California
768,Karen Daniels,Consumer,Germany,North Rhine-Westphalia
769,Henry Goldwyn,Corporate,United States,California
770,Olvera Toch,Consumer,Nicaragua,Managua
771,Zuschuss Carroll,Consumer,Germany,Berlin
772,Ben Peterman,Corporate,Brazil,São Paulo
773,Helen Wasserman,Corporate,Iran,Fars
774,Karen Ferguson,Home Office,United States,California
775,Theresa Coyne,Corporate,China,Jiangsu
776,Barry Gonzalez,Consumer,United Kingdom,England
777,David Bremer,Corporate,Nigeria,Kwara
778,Jim Epp,Corporate,El Salvador,San Salvador
779,John Murray,Consumer,Mexico,Michoacán
780,Rob Beeghly,Consumer,Brazil,Amazonas
781,Justin Ritter,Corporate,Japan,Tokyo
782,Brenda Bowman,Corporate,Australia,Queensland
783,Bill Overfelt,Corporate,Mexico,México
784,Theone Pippenger,Consumer,South Korea,Seoul
785,Sean Christensen,Consumer,Cuba,Sancti Spíritus
786,Justin Ellison,Corporate,Australia,South Australia
787,Ken Dana,Corporate,Austria,Vienna
788,Katherine Nockton,Corporate,Indonesia,Jawa Tengah
789,Nora Paige,Consumer,Australia,Australian Capital Territory
790,Jenna Caffey,Consumer,Nigeria,Lagos
791,Maris LaWare,Consumer,Dominican Republic,Santo Domingo
792,Robert Marley,Home Office,Hungary,Budapest
793,Chad Cunningham,Home Office,Italy,Veneto
794,Adrian Shami,Home Office,China,Guangxi
795,Giulietta Baptist,Consumer,Indonesia,Nusa Tenggara Timur
